{
  "ablation": "Adam vs AdamW optimizer",
  "adam": {
    "optimizer": "Adam",
    "val_f1s": [
      0.21084299778053814,
      0.2601195621095567,
      0.2580141650682921
    ],
    "test_accuracy": 0.2897,
    "test_macro_f1": 0.2743
  },
  "adamw": {
    "optimizer": "AdamW",
    "val_f1s": [
      0.18814239839715077,
      0.23652853117963302,
      0.24099071100796896
    ],
    "test_accuracy": 0.292,
    "test_macro_f1": 0.269
  }
}