{
  "ablation": "Early Stopping vs No Early Stopping",
  "with_early_stop": {
    "val_f1s": [
      0.1820006065152342,
      0.25770525503805025,
      0.2745647164782963,
      0.27033699388413474,
      0.2725496760247465
    ],
    "stopped_at": 5,
    "test_accuracy": 0.2762,
    "test_macro_f1": 0.2654
  },
  "no_early_stop": {
    "val_f1s": [
      0.1704,
      0.2208,
      0.2586,
      0.2619,
      0.2597
    ],
    "stopped_at": 5,
    "test_accuracy": 0.2762,
    "test_macro_f1": 0.2602
  }
}